BREAKING-Hillary-Clinton-running-for-president-in-2016-senior-aide,40
BREAKING-Hillary-Clinton-officially-announces-2016-White-House-end,95
If-Hillary-Clinton-wins-the-2016-election-we-will-have,13
BREAKING-Im-running-for-president-Clinton-in-end,81
Its-official-Hillary-Clinton-is-running-for-president-via,12
Its-official-HillaryClinton-is-running-for-president-in-2016-Watch,133
Its-official-Hillary-Clinton-is-running-for-end,834
Hillary-Clinton-is-running-for-president-11-stories-about-her,40
BREAKING-Hillary-Clinton-running-for-President-GOP-refining-their-highly,19
Hillary-announced-she-was-running-for-president-today-On-masters,19
Hillary-Clinton-announces-shes-running-for-president-since-end,63
Hillary-Clinton-is-officially-running-for-end,128
BREAKING-Hillary-Clinton-says-shes-running-for-president-in-2016,1513
Hillary-Clinton-says-Im-running-for-president-as-campaign-site,405
Its-official-HillaryClinton-is-running-for-President-Is-she-good,22
Hillary-Clinton-to-Run-for-President-in-end,163
Hillary-Clinton-is-going-to-be-surrounded-by-soapopera-coverage,14
BREAKING-Hillary-Clinton-is-running-for-end,152
Hillary-Clinton-is-running-for-president-I-dont-know-if,14
Hillary-is-the-Champion-for-the-end,46
Hillary-is-a-criminal-and-running-for-president-American-politics,16
Hillary-Clinton-has-just-announced-she-is-running-for-president,50
Hillary-Clinton-is-officially-running-for-president-in-end,16
Hillary-Clinton-says-shes-officially-in-Who-are-you-going,18
Hillary-Clinton-is-officially-running-for-president-Does-she-have,73
BREAKING-Hillary-Clinton-formally-announces-2016-White-House-end,29
Hillary-Clinton-Im-running-for-end,318
Hillary-Clinton-announces-shes-running-for-president-the-same-day,24
BREAKING-Hillary-Clinton-announces-her-bid-for-the-presidency-in,48
Hillary-Clinton-Im-running-for-president-end,11
Its-official-Hillary-Clinton-is-running-for-President-have-your,1219
If-Hillary-Clinton-wins-in-2016-it-will-be-the,16
Hillary-Clinton-says-shes-running-for-president-and-will-likely,115
Hillary-Clinton-is-going-to-be-able-to-talk-more,23
Hillary-Clinton-announces-run-for-end,20
Clinton-is-officially-running-for-President-have-your-EverydaySexism-bingo,3657
HillaryClinton-is-running-for-president-campaign-chairman-John-Podesta-tells,75
HillaryClinton-just-announced-shes-running-for-President-RT-if-u,22
Its-official-Hillary-Clinton-is-running-for-president-Well-have,12
Hillary-Clinton-announces-shes-running-for-president-Isnt-that-like,58
BREAKING-Hillary-Clinton-officially-announces-she-will-run-again-for,28
BREAKING-Hillary-Clinton-announces-her-bid-for-presidential-run,11
BREAKING-HillaryClinton-is-officially-running-for-president-in-end,187
Its-official-Hillary-Clinton-is-in-the-race-Here-are,26
Hillary-Clinton-running-again-for-end,15
Its-official-Hillarys-running-for-president-adviser-John-Podesta-wrote,396
Hillary-Clinton-is-latest-in-a-long-line-of-women,792
BREAKING-Hillary-Rodham-Clinton-officially-enters-2016-White-House-race,19
Hillary-Clinton-announces-shes-running-for-prez-the-same-day,15
Hillary-running-for-president-is-the-most-surprising-thing-to,27
Hillary-Clinton-Im-Running-for-end,28
If-Hillary-Clinton-wins-the-2016-election-then-all-hope,11
Hillary-Clinton-says-shes-running-for-president-in-2016-wants,13
Hillary-Clinton-running-for-president-in-2016-is-all-part,11
If-you-think-Hillary-Clinton-running-for-president-is-a,11
BREAKING-Hillary-Clinton-announces-her-2016-US-presidential-end,113
Its-official-Hillary-Clinton-is-running-for-president-in,144
Hillary-Clintons-campaign-isnt-about-Hillary-Clinton-which-is-why,16
Hillary-Clinton-is-running-for-president-says-campaign-end,559
Hillary-Clinton-has-been-running-for-president-for-5-minutes,90
Hillary-Clinton-is-running-for-president-in-2016-Watch-her,125
If-Hillary-Clinton-becomes-president-I-will-move-to,13
BREAKING-Hillary-Clinton-running-for-president-top-aide-tells,128
BREAKING-Hillary-Rodham-Clinton-announces-bid-for-end,84
Hillary-Clinton-is-running-for-president-and-thus-far-what,21
HillaryClinton-is-officially-running-for-president-Watch-her-announcement-video,13
Hillary-Clinton-is-running-for-president-so-obviously-people-are,107
Hillary-Clinton-Im-running-for-president-HillaryClinton-UniteBlue-LibCrib-TopProg,11
Hillary-Clinton-is-Running-for-President-in-end,13
Its-official-Hillarys-running-for-president-HillarysBigAnnouncement-end,267
Hillary-Clinton-is-running-for-end,817
The-HillaryClinton-campaign-launch-video-is-selfeffacing-fun-and-uplifting,42
Hillary-Clinton-is-running-for-President-Will-her-theme-song,20
Hillary-Clinton-is-running-for-president-Time-to-end,12
HillaryClinton-is-officially-running-for-President-Watch-her-announcement-video,67
BREAKING-NEWS-Its-official-HillaryClinton-has-just-announced-she-is,10244
BREAKING-HillaryClinton-has-officially-announced-her-bid-to-become-the,26
Its-official-HillaryClinton-is-running-for-president-This-time-its,12
HillaryClinton-has-officially-entered-the-2016-end,321
BREAKING-Hillary-Clinton-officially-announces-that-shes-running-for-president,137
BREAKING-NEWS-Hillary-Clinton-launches-campaign-for-the-White-House,140
Hillary-Clinton-announced-shes-running-for-President-Meanwhile-Bill-Clinton,59
Hillary-Clinton-is-running-for-President-and-this-little-boy,12
Hillary-Clinton-announces-shes-running-for-president-I-totally-didnt,101
Hillary-Clinton-running-for-president-in-2016-aide-end,30
Hillary-is-running-for-president-and-Barry-Manilow-is-out,18
Hillary-Clinton-is-officially-running-for-president-Photo-end,189
HillaryClinton-just-announced-shes-running-for-president-to-be-a,80
Its-official-Hillary-Rodham-Clinton-is-running-for-US-president,32
Hillary-announces-her-run-for-president-without-pompous-speeches-chest,28
Its-official-HillaryClinton-is-running-for-President-amp-announced-with,56
HillaryClinton-just-announced-she-is-running-for-President-RETWEET-if,80
Hillary-Clinton-just-announced-shes-running-for-president-2016-and,58
Its-official-HillaryClinton-finally-announced-shes-running-for-end,16
Its-official-HillaryClinton-is-running-for-end,300
Hillary-has-the-charisma-of-a-frozen-sea-end,15
BREAKING-NEWS-Hillary-Clinton-running-for-President-end,889
HillaryClinton-announced-she-is-running-for-president-Man-I-did,1719
Hillary-Clinton-announces-she-is-running-for-the-post-of,29
Hillary-Clinton-officially-announces-her-2016-run-for-end,77
Hillary-Clinton-Im-running-for-president-Vanguard-News-via,20
HillaryClinton-just-announced-shes-running-for-President-RT-if-you,21
Its-official-Hillarys-running-for-end,153
Hillary-Clinton-to-run-for-president-in-end,13
Hillary-Clinton-to-run-for-president-and-already-the-anticlinton,12
Its-official-Hillary-Clinton-is-a-2016-presidential-end,110
HillaryClinton-the-campaign-announcement-video-is-incredible-bold-amp-awesome,87
Hillary-Clinton-to-run-for-end,44
Its-official-HillaryClinton-is-running-for-President-in-2016-Here,20
Hillary-Clinton-announces-she-is-running-for-end,23
Hillary-Clinton-has-launched-her-bid-to-become-the-next,293
Hillary-Clinton-has-announced-shes-running-for-president-in,19
Hillary-Clinton-has-been-running-for-President-for-nearly-a,11
HillaryClinton-has-a-vision-for-a-better-future-Help-make,89
BREAKING-Hillary-Clinton-just-announced-her-2016-presidential-end,22
Hillary-Clinton-is-going-on-a-listening-tour-while-Ted,13
Hillary-Clinton-officially-running-for-President-Aw-man-Their-election,64
BREAKING-NEWS-Hillary-Rodham-Clinton-enters-2016-race-for-president,61
Hillary-Clinton-announced-she-is-running-for-president-in-2016watch,119
Its-official-HillaryClinton-is-running-for-president-Well-see-who,18
BREAKING-Hillary-Clinton-is-running-for-President-of-the-United,37
BREAKING-Hillary-Clinton-is-running-for-president-in-end,105
Its-official-Hillary-Clinton-is-running-for-US-end,275
